Mat,Ind,Ipa,Ing,Rata,Jumlah,JURUSAN
66.5,66.5,68.5,50.5,63.00,252.00,ARSITEK
63,81.5,70.5,57,68.00,272.00,ARSITEK
68,87.5,83,49,71.88,287.50,ARSITEK
75.5,79.5,78,51,71.00,284.00,ARSITEK
65.5,85.5,68,59,69.50,278.00,ARSITEK
95.5,89.5,90.5,61,84.13,336.50,ARSITEK
58,83.5,63,65,67.38,269.50,ARSITEK
70.5,77.5,75.5,53,69.13,276.50,ARSITEK
88,79.5,88,63,79.63,318.50,ARSITEK
80.5,81.5,83,59,76.00,304.00,ARSITEK
90,93.5,80.5,53,79.25,317.00,ARSITEK
48,75.5,80.5,68.5,68.13,272.50,ARSITEK
73,81.5,63,56.5,68.50,274.00,ARSITEK
70.5,79.5,63,52.5,66.38,265.50,ARSITEK
93,77.5,78,48.5,74.25,297.00,ARSITEK
88,81.5,80.5,64.5,78.63,314.50,ARSITEK
86,89.5,83,57,78.88,315.50,ARSITEK
88,61.5,60.5,53,65.75,263.00,ARSITEK
85.5,77.5,55.5,71,72.38,289.50,ARSITEK
90.5,83.5,78,57,77.25,309.00,ARSITEK
75.5,81.5,73,45,68.75,275.00,ARSITEK
95.5,87.5,85.5,77,86.38,345.50,ARSITEK
88,77.5,78,83,81.63,326.50,ARSITEK
98,81.5,78,69,81.63,326.50,ARSITEK
85.5,91.5,80.5,77,83.63,334.50,ARSITEK
85.5,93.5,65.5,51,73.88,295.50,ARSITEK
85.5,91.5,90.5,47,78.63,314.50,ARSITEK
95.5,87.5,83,88.5,88.63,354.50,ARSITEK
90,87.5,93,80.5,87.75,351.00,ARSITEK
93,89.5,85.5,90.5,89.63,358.50,ARSITEK
60.5,81.5,85.5,54.5,70.50,282.00,ARSITEK
90.5,85.5,90.5,60,81.63,326.50,ARSITEK
85.5,85.5,58,62.5,72.88,291.50,ARSITEK
75.5,87.5,60.5,55,69.63,278.50,ARSITEK
78,91.5,78,64.5,78.00,312.00,ARSITEK
73,83.5,68,45,67.38,269.50,ARSITEK
80.5,79.5,83,66.5,77.38,309.50,ARSITEK
53,75.5,63,65,64.13,256.50,ARSITEK
88,85.5,75.5,50.5,74.88,299.50,ARSITEK
75.5,87.5,78,62.5,75.88,303.50,ARSITEK
63,89.5,88,60,75.13,300.50,ARSITEK
55.5,79.5,70.5,50.5,64.00,256.00,ARSITEK
68,79.5,75.5,55,69.50,278.00,ARSITEK
65.5,83.5,70.5,48.5,67.00,268.00,ARSITEK
75.5,75.5,73,54,69.50,278.00,ARSITEK
88,93.5,83,54.5,79.75,319.00,ARSITEK
75.5,91.5,70.5,68,76.38,305.50,ARSITEK
73,85.5,60.5,52.5,67.88,271.50,ARSITEK
68,75.5,68,54.5,66.50,266.00,ARSITEK
50.5,89.5,58,55,63.25,253.00,ARSITEK
58,83.5,73,44.5,64.75,259.00,ARSITEK
95.5,87.5,93,70,86.50,346.00,ARSITEK
75.5,75.5,68,42.5,65.38,261.50,ARSITEK
60.5,79.5,73,46,64.75,259.00,ARSITEK
58,79.5,73,44.5,63.75,255.00,ARSITEK
85.5,77.5,88,64.5,78.88,315.50,ARSITEK
88,81.5,73,72.5,78.75,315.00,ARSITEK
65.5,83.5,68,46,65.75,263.00,ARSITEK
80.5,91.5,83,66.5,80.38,321.50,ARSITEK
68,71.5,78,44.5,65.50,262.00,ARSITEK
88,81.5,68,50.5,72.00,288.00,ARSITEK
88,93.5,78,54,78.38,313.50,ARSITEK
90.5,91.5,90.5,66.5,84.75,339.00,ARSITEK
98,89.5,93,78,89.63,358.50,ARSITEK
98,95.5,93,72.5,89.75,359.00,TEKNIK SIPIL
90.5,89.5,85.5,75,85.13,340.50,TEKNIK SIPIL
80.5,87.5,75.5,58.5,75.50,302.00,TEKNIK SIPIL
80.5,79.5,68,40.5,67.13,268.50,TEKNIK SIPIL
78,75.5,73,62.5,72.25,289.00,TEKNIK SIPIL
68,85.5,70.5,56,70.00,280.00,TEKNIK SIPIL
78,79.5,80.5,46.5,71.13,284.50,TEKNIK SIPIL
73,85.5,85.5,46,72.50,290.00,TEKNIK SIPIL
73,87.5,85.5,68.5,78.63,314.50,TEKNIK SIPIL
70.5,85.5,73,46.5,68.88,275.50,TEKNIK SIPIL
93,89.5,73,46,75.38,301.50,TEKNIK SIPIL
95.5,93.5,85.5,54.5,82.25,329.00,TEKNIK SIPIL
88,87.5,75.5,44.5,73.88,295.50,TEKNIK SIPIL
88,85.5,85.5,58.5,79.38,317.50,TEKNIK SIPIL
86,83.5,93,88.5,87.75,351.00,TEKNIK SIPIL
93,93.5,83,56,81.38,325.50,TEKNIK SIPIL
93,79.5,73,48.5,73.50,294.00,TEKNIK SIPIL
90.5,79.5,80.5,44.5,73.75,295.00,TEKNIK SIPIL
75.5,73.5,65.5,78,73.13,292.50,TEKNIK SIPIL
73,87.5,68,46.5,68.75,275.00,TEKNIK SIPIL
58,81.5,80.5,58.5,69.63,278.50,TEKNIK SIPIL
75.5,77.5,63,55,67.75,271.00,TEKNIK SIPIL
60.5,79.5,75.5,52.5,67.00,268.00,TEKNIK SIPIL
65.5,75.5,65.5,52.5,64.75,259.00,TEKNIK SIPIL
85.5,83.5,70.5,55,73.63,294.50,TEKNIK SIPIL
83,79.5,80.5,52.5,73.88,295.50,TEKNIK SIPIL
45.5,85.5,48,68,61.75,247.00,TEKNIK SIPIL
90.5,83.5,80.5,52.5,76.75,307.00,TEKNIK SIPIL
88,81.5,78,48,73.88,295.50,TEKNIK SIPIL
48,83.5,68,50.5,62.50,250.00,TEKNIK SIPIL
80.5,79.5,80.5,66,76.63,306.50,TEKNIK SIPIL
80,89.5,83,58.5,77.75,311.00,TEKNIK SIPIL
95.5,87.5,83,64.5,82.63,330.50,LISTRIK
68,89.5,63,45,66.38,265.50,LISTRIK
83,87.5,88,70.5,82.25,329.00,LISTRIK
73,81.5,75.5,56.5,71.63,286.50,LISTRIK
50.5,87.5,63,46,61.75,247.00,LISTRIK
85.5,87.5,88,76.5,84.38,337.50,LISTRIK
83,91.5,60.5,48,70.75,283.00,LISTRIK
90.5,81.5,83,66.5,80.38,321.50,LISTRIK
88,81.5,80.5,48,74.50,298.00,LISTRIK
58,79.5,55.5,68.5,65.38,261.50,LISTRIK
60.5,81.5,58,64.5,66.13,264.50,LISTRIK
73,85.5,60.5,50,67.25,269.00,LISTRIK
75.5,79.5,78,54.5,71.88,287.50,LISTRIK
63,87.5,70.5,65,71.50,286.00,LISTRIK
63,89.5,75.5,84.5,78.13,312.50,LISTRIK
88,89.5,86,70,83.38,333.50,LISTRIK
80.5,83.5,80.5,58.5,75.75,303.00,LISTRIK
65.5,83.5,68,65,70.50,282.00,LISTRIK
70.5,83.5,73,62.5,72.38,289.50,LISTRIK
90.5,83.5,75.5,65,78.63,314.50,LISTRIK
75.5,85.5,80.5,72.5,78.50,314.00,LISTRIK
75.5,89.5,78,74.5,79.38,317.50,LISTRIK
80.5,85.5,68,60.5,73.63,294.50,LISTRIK
90.5,79.5,80.5,54.5,76.25,305.00,LISTRIK
83,79.5,83,55,75.13,300.50,LISTRIK
90.5,91.5,83,44.5,77.38,309.50,LISTRIK
63,81.5,80.5,44,67.25,269.00,LISTRIK
65.5,93.5,75.5,40.5,68.75,275.00,LISTRIK
65.5,85.5,63,65,69.75,279.00,LISTRIK
73,77.5,68,50.5,67.25,269.00,LISTRIK
80.5,91.5,73,55,75.00,300.00,LISTRIK
48,73.5,63,64.5,62.25,249.00,LISTRIK
88,81.5,75.5,50,73.75,295.00,LISTRIK
88,83.5,88,46.5,76.50,306.00,LISTRIK
90.5,87.5,80.5,50.5,77.25,309.00,LISTRIK
60.5,69.5,73,56,64.75,259.00,LISTRIK
70.5,79.5,70.5,48.5,67.25,269.00,LISTRIK
45.5,89.5,53,52.5,60.13,240.50,LISTRIK
75.5,69.5,65.5,63,68.38,273.50,LISTRIK
63,83.5,55.5,52.5,63.63,254.50,LISTRIK
83,81.5,53,65,70.63,282.50,LISTRIK
60.5,77.5,65.5,58.5,65.50,262.00,LISTRIK
73,83.5,68,55,69.88,279.50,LISTRIK
85.5,85.5,85.5,62.5,79.75,319.00,LISTRIK
60.5,85.5,80.5,55,70.38,281.50,LISTRIK
75.5,83.5,85.5,44.5,72.25,289.00,LISTRIK
75.5,95.5,83,50.5,76.13,304.50,LISTRIK
60.5,81.5,80.5,65,71.88,287.50,LISTRIK
98,91.5,88,64.5,85.50,342.00,LISTRIK
88,89.5,85.5,68,82.75,331.00,LISTRIK
85.5,83.5,88,54.5,77.88,311.50,LISTRIK
70.5,93.5,83,65,78.00,312.00,LISTRIK
73,79.5,80.5,60.5,73.38,293.50,LISTRIK
98,89.5,98,65,87.63,350.50,LISTRIK
63,85.5,63,54.5,66.50,266.00,LISTRIK
78,79.5,70.5,55,70.75,283.00,LISTRIK
60.5,89.5,55.5,52.5,64.50,258.00,LISTRIK
68,81.5,70.5,56,69.00,276.00,LISTRIK
78,75.5,70.5,52.5,69.13,276.50,LISTRIK
60.5,81.5,70.5,68,70.13,280.50,LISTRIK
60.5,81.5,63,50.5,63.88,255.50,LISTRIK
83,81.5,58,68,72.63,290.50,LISTRIK
55.5,83.5,70.5,60,67.38,269.50,LISTRIK
85.5,79.5,78,58.5,75.38,301.50,LISTRIK
80.5,89.5,75.5,66,77.88,311.50,ELEKTRONIKA
58,83.5,60.5,46.5,62.13,248.50,ELEKTRONIKA
85.5,81.5,68,70,76.25,305.00,ELEKTRONIKA
88,85.5,55.5,64.5,73.38,293.50,ELEKTRONIKA
50.5,89.5,70.5,60,67.63,270.50,ELEKTRONIKA
53,85.5,60.5,62.5,65.38,261.50,ELEKTRONIKA
75.5,81.5,65.5,55,69.38,277.50,ELEKTRONIKA
75.5,91.5,78,58.5,75.88,303.50,ELEKTRONIKA
93,83.5,70.5,65,78.00,312.00,ELEKTRONIKA
68,89.5,70.5,62.5,72.63,290.50,ELEKTRONIKA
83,85.5,53,55,69.13,276.50,ELEKTRONIKA
88,79.5,65.5,50.5,70.88,283.50,ELEKTRONIKA
93,87.5,78,70,82.13,328.50,ELEKTRONIKA
48,79.5,53,64.5,61.25,245.00,ELEKTRONIKA
53,79.5,60.5,55,62.00,248.00,ELEKTRONIKA
50.5,87.5,40.5,68.5,61.75,247.00,ELEKTRONIKA
53,91.5,78,70.5,73.25,293.00,ELEKTRONIKA
70.5,71.5,78,55,68.75,275.00,ELEKTRONIKA
88,83.5,85.5,50,76.75,307.00,ELEKTRONIKA
88,77.5,73,60.5,74.75,299.00,ELEKTRONIKA
78,83.5,80.5,55,74.25,297.00,ELEKTRONIKA
80.5,79.5,63,44.5,66.88,267.50,ELEKTRONIKA
78,87.5,78,44,71.88,287.50,ELEKTRONIKA
65.5,85.5,63,44.5,64.63,258.50,ELEKTRONIKA
63,77.5,73,60.5,68.50,274.00,ELEKTRONIKA
78,81.5,75.5,56,72.75,291.00,ELEKTRONIKA
53,83.5,65.5,56.5,64.63,258.50,ELEKTRONIKA
33,75.5,53,60,55.38,221.50,ELEKTRONIKA
95.5,79.5,73,52.5,75.13,300.50,ELEKTRONIKA
55.5,85.5,78,50,67.25,269.00,ELEKTRONIKA
83,93.5,78,68.5,80.75,323.00,ELEKTRONIKA
65.5,71.5,65.5,55,64.38,257.50,ELEKTRONIKA
85.5,87.5,80.5,60.5,78.50,314.00,LAS
53,79.5,68,50.5,62.75,251.00,LAS
90.5,75.5,78,75,79.75,319.00,LAS
93,87.5,83,55,79.63,318.50,LAS
95.5,85.5,83,74.5,84.63,338.50,LAS
88,83.5,78,60,77.38,309.50,LAS
80.5,73.5,55.5,50,64.88,259.50,LAS
70.5,79.5,58,38.5,61.63,246.50,LAS
55.5,85.5,68,55,66.00,264.00,LAS
95.5,87.5,65.5,74.5,80.75,323.00,LAS
90.5,85.5,65.5,54,73.88,295.50,LAS
95.5,85.5,88,66.5,83.88,335.50,LAS
63,73.5,65.5,50,63.00,252.00,LAS
85.5,85.5,65.5,66.5,75.75,303.00,LAS
65.5,77.5,68,48.5,64.88,259.50,LAS
83,79.5,60.5,55,69.50,278.00,LAS
48,85.5,73,56.5,65.75,263.00,LAS
95.5,77.5,85.5,66,81.13,324.50,LAS
70.5,73.5,70.5,46.5,65.25,261.00,LAS
90.5,79.5,68,56,73.50,294.00,LAS
85.5,69.5,73,55,70.75,283.00,LAS
63,79.5,70.5,62.5,68.88,275.50,LAS
50.5,83.5,68,60,65.50,262.00,LAS
53,81.5,73,54.5,65.50,262.00,LAS
75.5,83.5,70.5,55,71.13,284.50,LAS
80.5,81.5,65.5,50,69.38,277.50,LAS
100,85.5,85.5,60,82.88,331.50,LAS
95.5,89.5,80.5,88.5,88.50,354.00,LAS
75.5,79.5,65.5,60,70.13,280.50,LAS
98,85.5,93,64.5,85.25,341.00,LAS
88,93.5,90.5,55,81.75,327.00,LAS
90,81.5,70.5,45,71.75,287.00,LAS
80.5,79.5,70.5,56,71.63,286.50,MESIN PRODUKSI
85.5,81.5,88,58.5,78.38,313.50,MESIN PRODUKSI
83,83.5,80.5,66.5,78.38,313.50,MESIN PRODUKSI
70.5,89.5,70.5,66,74.13,296.50,MESIN PRODUKSI
78,81.5,80.5,55,73.75,295.00,MESIN PRODUKSI
90,87.5,85.5,65,82.00,328.00,MESIN PRODUKSI
83,81.5,73,50,71.88,287.50,MESIN PRODUKSI
53,75.5,55.5,70,63.50,254.00,MESIN PRODUKSI
75.5,89.5,78,70,78.25,313.00,MESIN PRODUKSI
60.5,81.5,78,80.5,75.13,300.50,MESIN PRODUKSI
88,87.5,70.5,52.5,74.63,298.50,MESIN PRODUKSI
70.5,83.5,65.5,58.5,69.50,278.00,MESIN PRODUKSI
75.5,87.5,75.5,65,75.88,303.50,MESIN PRODUKSI
58,83.5,60.5,60,65.50,262.00,MESIN PRODUKSI
60.5,87.5,58,56.5,65.63,262.50,MESIN PRODUKSI
83,87.5,83,70,80.88,323.50,MESIN PRODUKSI
78,87.5,73,70.5,77.25,309.00,MESIN PRODUKSI
40.5,81.5,65.5,60,61.88,247.50,MESIN PRODUKSI
73,89.5,63,48.5,68.50,274.00,MESIN PRODUKSI
68,79.5,85.5,55,72.00,288.00,MESIN PRODUKSI
63,81.5,73,50.5,67.00,268.00,MESIN PRODUKSI
55.5,71.5,73,78.5,69.63,278.50,MESIN PRODUKSI
78,89.5,68,65,75.13,300.50,MESIN PRODUKSI
90.5,77.5,68,66.5,75.63,302.50,MESIN PRODUKSI
75.5,77.5,58,50,65.25,261.00,MESIN PRODUKSI
73,81.5,63,46.5,66.00,264.00,MESIN PRODUKSI
85.5,85.5,65.5,65,75.38,301.50,MESIN PRODUKSI
60.5,89.5,73,54.5,69.38,277.50,MESIN PRODUKSI
95.5,83.5,75.5,66,80.13,320.50,MESIN PRODUKSI
58,75.5,58,54.5,61.50,246.00,MESIN PRODUKSI
68,85.5,58,54.5,66.50,266.00,MESIN PRODUKSI
58,87.5,60.5,66,68.00,272.00,MESIN PRODUKSI
55.5,87.5,53,60.5,64.13,256.50,MESIN PRODUKSI
90.5,79.5,78,64.5,78.13,312.50,MESIN PRODUKSI
63,89.5,68,50,67.63,270.50,MESIN PRODUKSI
55.5,75.5,75.5,76.5,70.75,283.00,MESIN PRODUKSI
55.5,83.5,55.5,55,62.38,249.50,MESIN PRODUKSI
65.5,83.5,50.5,60.5,65.00,260.00,MESIN PRODUKSI
58,75.5,70.5,60,66.00,264.00,MESIN PRODUKSI
53,87.5,63,50.5,63.50,254.00,MESIN PRODUKSI
58,85.5,73,70,71.63,286.50,MESIN PRODUKSI
60.5,81.5,63,50.5,63.88,255.50,MESIN PRODUKSI
60.5,87.5,73,66,71.75,287.00,MESIN PRODUKSI
83,91.5,80.5,72.5,81.88,327.50,MESIN PRODUKSI
73,85.5,78,68,76.13,304.50,MESIN PRODUKSI
98,83.5,95.5,64.5,85.38,341.50,MESIN PRODUKSI
98,79.5,85.5,75,84.50,338.00,MESIN PRODUKSI
88,81.5,65.5,68.5,75.88,303.50,MESIN PRODUKSI
93,77.5,83,65,79.63,318.50,MESIN PRODUKSI
68,75.5,63,68.5,68.75,275.00,MESIN PRODUKSI
73,73.5,65.5,48.5,65.13,260.50,MESIN PRODUKSI
80.5,81.5,68,55,71.25,285.00,MESIN PRODUKSI
60.5,77.5,78,56,68.00,272.00,MESIN PRODUKSI
43,79.5,65.5,76.5,66.13,264.50,MESIN PRODUKSI
88,79.5,93,66,81.63,326.50,MESIN PRODUKSI
95.5,81.5,83,48.5,77.13,308.50,MESIN PRODUKSI
68,79.5,65.5,50,65.75,263.00,MESIN PRODUKSI
65.5,79.5,55.5,74.5,68.75,275.00,MESIN PRODUKSI
68,91.5,83,68,77.63,310.50,MESIN PRODUKSI
60.5,89.5,73,36.5,64.88,259.50,MESIN PRODUKSI
93,87.5,85.5,68,83.50,334.00,MESIN PRODUKSI
73,81.5,58,48.5,65.25,261.00,MESIN PRODUKSI
68,83.5,75.5,45,68.00,272.00,MESIN PRODUKSI
55.5,83.5,73,52.5,66.13,264.50,MESIN PRODUKSI
65.5,91.5,73,56,71.50,286.00,MESIN PRODUKSI
85.5,85.5,88,36.5,73.88,295.50,MESIN PRODUKSI
65.5,83.5,75.5,34.5,64.75,259.00,MESIN PRODUKSI
55.5,89.5,73,44,65.50,262.00,MESIN PRODUKSI
98,79.5,68,62.5,77.00,308.00,MESIN PRODUKSI
55.5,89.5,60.5,50.5,64.00,256.00,MESIN PRODUKSI
80.5,93.5,80.5,66,80.13,320.50,MESIN PRODUKSI
86,87.5,83,54.5,77.75,311.00,MESIN PRODUKSI
75.5,81.5,63,50,67.50,270.00,MESIN PRODUKSI
63,87.5,80.5,64.5,73.88,295.50,MESIN PRODUKSI
45.5,79.5,70.5,68.5,66.00,264.00,MESIN PRODUKSI
60.5,77.5,70.5,65,68.38,273.50,MESIN PRODUKSI
53,91.5,73,52.5,67.50,270.00,MESIN PRODUKSI
60.5,91.5,70.5,68.5,72.75,291.00,MESIN PRODUKSI
83,81.5,60.5,70,73.75,295.00,MESIN PRODUKSI
45.5,85.5,70.5,54.5,64.00,256.00,MESIN PRODUKSI
85.5,75.5,78,65,76.00,304.00,MESIN PRODUKSI
75.5,81.5,78,80.5,78.88,315.50,MESIN PRODUKSI
70.5,91.5,78,70.5,77.63,310.50,MESIN PRODUKSI
63,75.5,68,55,65.38,261.50,MESIN PRODUKSI
65.5,79.5,58,56.5,64.88,259.50,MESIN PRODUKSI
88,89.5,90.5,70,84.50,338.00,MESIN PRODUKSI
65.5,87.5,65.5,62.5,70.25,281.00,MESIN PRODUKSI
70.5,83.5,78,60,73.00,292.00,MESIN PRODUKSI
70.5,79.5,80.5,48.5,69.75,279.00,MESIN PRODUKSI
68,81.5,63,60,68.13,272.50,MESIN PRODUKSI
75.5,79.5,80.5,66.5,75.50,302.00,MESIN PRODUKSI
90.5,91.5,85.5,70,84.38,337.50,MESIN PRODUKSI
98,85.5,83,70.5,84.25,337.00,MESIN PRODUKSI
93,89.5,78,62.5,80.75,323.00,MESIN PRODUKSI
83,85.5,83,65,79.13,316.50,MESIN PRODUKSI
63,81.5,75.5,38.5,64.63,258.50,MESIN PRODUKSI
83,81.5,83,72.5,80.00,320.00,OTOMOTIF
90.5,93.5,95.5,68.5,87.00,348.00,OTOMOTIF
85.5,87.5,83,78.5,83.63,334.50,OTOMOTIF
85.5,83.5,83,58.5,77.63,310.50,OTOMOTIF
78,83.5,60.5,56,69.50,278.00,OTOMOTIF
63,85.5,75.5,54.5,69.63,278.50,OTOMOTIF
85.5,85.5,78,65,78.50,314.00,OTOMOTIF
90,91.5,93,84.5,89.75,359.00,OTOMOTIF
58,69.5,65.5,68.5,65.38,261.50,OTOMOTIF
90.5,91.5,85.5,70,84.38,337.50,OTOMOTIF
88,93.5,83,64.5,82.25,329.00,OTOMOTIF
80.5,77.5,68,55,70.25,281.00,OTOMOTIF
78,81.5,80.5,58.5,74.63,298.50,OTOMOTIF
85.5,89.5,70.5,45,72.63,290.50,OTOMOTIF
65.5,91.5,65.5,66.5,72.25,289.00,OTOMOTIF
60.5,77.5,70.5,77,71.38,285.50,OTOMOTIF
68,87.5,85.5,78.5,79.88,319.50,OTOMOTIF
60.5,83.5,73,48.5,66.38,265.50,OTOMOTIF
88,91.5,78,78,83.88,335.50,OTOMOTIF
73,73.5,65.5,55,66.75,267.00,OTOMOTIF
55.5,89.5,63,68.5,69.13,276.50,OTOMOTIF
73,75.5,63,58,67.38,269.50,OTOMOTIF
73,75.5,60.5,64.5,68.38,273.50,OTOMOTIF
73,75.5,50.5,66,66.25,265.00,OTOMOTIF
58,77.5,70.5,74.5,70.13,280.50,OTOMOTIF
58,77.5,68,55,64.63,258.50,OTOMOTIF
65.5,79.5,83,78.5,76.63,306.50,OTOMOTIF
88,87.5,73,56.5,76.25,305.00,OTOMOTIF
55.5,89.5,60.5,60,66.38,265.50,OTOMOTIF
58,87.5,65.5,70,70.25,281.00,OTOMOTIF
38,83.5,58,86.5,66.50,266.00,OTOMOTIF
63,79.5,75.5,56,68.50,274.00,OTOMOTIF
93,81.5,60.5,48.5,70.88,283.50,OTOMOTIF
63,83.5,75.5,44.5,66.63,266.50,OTOMOTIF
83,79.5,60.5,52.5,68.88,275.50,OTOMOTIF
83,91.5,68,68.5,77.75,311.00,OTOMOTIF
53,73.5,78,52.5,64.25,257.00,OTOMOTIF
80.5,81.5,70.5,66.5,74.75,299.00,OTOMOTIF
85.5,83.5,70.5,48.5,72.00,288.00,OTOMOTIF
73,85.5,78,38.5,68.75,275.00,OTOMOTIF
75.5,89.5,70.5,74.5,77.50,310.00,OTOMOTIF
68,83.5,68,38.5,64.50,258.00,OTOMOTIF
73,69.5,73,55,67.63,270.50,OTOMOTIF
98,93.5,80.5,56.5,82.13,328.50,OTOMOTIF
63,79.5,68,65,68.88,275.50,OTOMOTIF
83,77.5,78,56.5,73.75,295.00,OTOMOTIF
73,85.5,75.5,66.5,75.13,300.50,OTOMOTIF
98,87.5,78,70,83.38,333.50,OTOMOTIF
70.5,79.5,70.5,46.5,66.75,267.00,OTOMOTIF
58,79.5,60.5,56,63.50,254.00,OTOMOTIF
60.5,83.5,75.5,44.5,66.00,264.00,OTOMOTIF
50.5,87.5,53,56.5,61.88,247.50,OTOMOTIF
53,83.5,63,76.5,69.00,276.00,OTOMOTIF
83,79.5,68,65,73.88,295.50,OTOMOTIF
68,85.5,88,38.5,70.00,280.00,OTOMOTIF
75.5,79.5,73,54,70.50,282.00,OTOMOTIF
50.5,81.5,73,48.5,63.38,253.50,OTOMOTIF
65.5,79.5,65.5,50.5,65.25,261.00,OTOMOTIF
48,79.5,63,76,66.63,266.50,OTOMOTIF
70.5,81.5,73,52.5,69.38,277.50,OTOMOTIF
85.5,73.5,68,60.5,71.88,287.50,OTOMOTIF
78,83.5,63,46.5,67.75,271.00,OTOMOTIF
48,77.5,68,75,67.13,268.50,OTOMOTIF
80.5,73.5,78,54.5,71.63,286.50,OTOMOTIF
95.5,77.5,75.5,44.5,73.25,293.00,OTOMOTIF
65.5,89.5,70.5,58.5,71.00,284.00,OTOMOTIF
85.5,83.5,75.5,74.5,79.75,319.00,OTOMOTIF
93,97.5,70.5,68.5,82.38,329.50,OTOMOTIF
98,85.5,90.5,70.5,86.13,344.50,OTOMOTIF
70.5,79.5,68,64.5,70.63,282.50,OTOMOTIF
80.5,83.5,80.5,42.5,71.75,287.00,OTOMOTIF
70.5,85.5,68,64.5,72.13,288.50,OTOMOTIF
60.5,79.5,58,62.5,65.13,260.50,OTOMOTIF
78,83.5,60.5,50.5,68.13,272.50,OTOMOTIF
63,87.5,78,44.5,68.25,273.00,OTOMOTIF
88,79.5,73,64.5,76.25,305.00,OTOMOTIF
75.5,83.5,70.5,68.5,74.50,298.00,OTOMOTIF
80.5,85.5,65.5,42.5,68.50,274.00,OTOMOTIF
75.5,89.5,75.5,56,74.13,296.50,OTOMOTIF
90.5,89.5,93,60.5,83.38,333.50,OTOMOTIF
88,79.5,75.5,58.5,75.38,301.50,OTOMOTIF
63,81.5,58,60,65.63,262.50,OTOMOTIF
85.5,75.5,73,58.5,73.13,292.50,OTOMOTIF
63,85.5,75.5,65,72.25,289.00,OTOMOTIF
78,79.5,78,64.5,75.00,300.00,OTOMOTIF
55.5,75.5,63,56.5,62.63,250.50,OTOMOTIF
78,89.5,83,64.5,78.75,315.00,OTOMOTIF
53,79.5,58,65,63.88,255.50,OTOMOTIF
93,81.5,75.5,48.5,74.63,298.50,OTOMOTIF
85.5,79.5,83,45,73.25,293.00,OTOMOTIF
95.5,97.5,100,44.5,84.50,338.00,OTOMOTIF
68,85.5,58,55,66.63,266.50,OTOMOTIF
68,85.5,75.5,56.5,71.38,285.50,OTOMOTIF
53,71.5,70.5,50.5,61.38,245.50,OTOMOTIF
80.5,85.5,78,55,74.75,299.00,OTOMOTIF
60.5,77.5,73,52.5,65.88,263.50,OTOMOTIF
73,69.5,73,50,66.38,265.50,KOMPUTER & JARINGAN
55.5,69.5,80.5,50.5,64.00,256.00,KOMPUTER & JARINGAN
75.5,77.5,65.5,52.5,67.75,271.00,KOMPUTER & JARINGAN
83,73.5,58,50.5,66.25,265.00,KOMPUTER & JARINGAN
83,69.5,60.5,54.5,66.88,267.50,KOMPUTER & JARINGAN
78,83.5,65.5,46.5,68.38,273.50,KOMPUTER & JARINGAN
85.5,85.5,80.5,50.5,75.50,302.00,KOMPUTER & JARINGAN
63,85.5,73,70.5,73.00,292.00,KOMPUTER & JARINGAN
78,77.5,65.5,60,70.25,281.00,KOMPUTER & JARINGAN
85.5,79.5,85.5,56.5,76.75,307.00,KOMPUTER & JARINGAN
95.5,85.5,90.5,60,82.88,331.50,KOMPUTER & JARINGAN
58,79.5,55.5,54.5,61.88,247.50,KOMPUTER & JARINGAN
90.5,81.5,63,74.5,77.38,309.50,KOMPUTER & JARINGAN
63,77.5,70.5,62.5,68.38,273.50,KOMPUTER & JARINGAN
98,83.5,85.5,84.5,87.88,351.50,KOMPUTER & JARINGAN
63,73.5,70.5,38.5,61.38,245.50,KOMPUTER & JARINGAN
85.5,79.5,58,66,72.25,289.00,KOMPUTER & JARINGAN
75.5,87.5,63,66.5,73.13,292.50,KOMPUTER & JARINGAN
65.5,83.5,65.5,50,66.13,264.50,KOMPUTER & JARINGAN
60.5,89.5,53,64.5,66.88,267.50,KOMPUTER & JARINGAN
80.5,81.5,80.5,65,76.88,307.50,KOMPUTER & JARINGAN
90.5,97.5,80.5,74.5,85.75,343.00,KOMPUTER & JARINGAN
93,95.5,73,66,81.88,327.50,KOMPUTER & JARINGAN
85.5,81.5,78,42.5,71.88,287.50,KOMPUTER & JARINGAN
65.5,75.5,60.5,77,69.63,278.50,KOMPUTER & JARINGAN
63,73.5,63,62.5,65.50,262.00,KOMPUTER & JARINGAN
58,87.5,70.5,54.5,67.63,270.50,KOMPUTER & JARINGAN
58,79.5,65.5,55,64.50,258.00,KOMPUTER & JARINGAN
60.5,75.5,68,64.5,67.13,268.50,KOMPUTER & JARINGAN
78,73.5,70.5,55,69.25,277.00,KOMPUTER & JARINGAN
70.5,81.5,73,70.5,73.88,295.50,KOMPUTER & JARINGAN
88,93.5,70.5,66.5,79.63,318.50,KOMPUTER & JARINGAN
75.5,69.5,70.5,50,66.38,265.50,MULTIMEDIA
90.5,85.5,75.5,52.5,76.00,304.00,MULTIMEDIA
90.5,79.5,78,64.5,78.13,312.50,MULTIMEDIA
78,85.5,78,56.5,74.50,298.00,MULTIMEDIA
73,83.5,83,52.5,73.00,292.00,MULTIMEDIA
93,87.5,80.5,66.5,81.88,327.50,MULTIMEDIA
60.5,81.5,73,70,71.25,285.00,MULTIMEDIA
85.5,83.5,83,72.5,81.13,324.50,MULTIMEDIA
75.5,79.5,60.5,73,72.13,288.50,MULTIMEDIA
88,79.5,95.5,80.5,85.88,343.50,MULTIMEDIA
98,85.5,80.5,66,82.50,330.00,MULTIMEDIA
86,89.5,90.5,90.5,89.13,356.50,MULTIMEDIA
63,81.5,65.5,55,66.25,265.00,MULTIMEDIA
48,85.5,55.5,72.5,65.38,261.50,MULTIMEDIA
53,83.5,58,50,61.13,244.50,MULTIMEDIA
55.5,85.5,65.5,40.5,61.75,247.00,MULTIMEDIA
63,75.5,53,44.5,59.00,236.00,MULTIMEDIA
65.5,91.5,73,52.5,70.63,282.50,MULTIMEDIA
55.5,79.5,63,46.5,61.13,244.50,MULTIMEDIA
63,73.5,48,50.5,58.75,235.00,MULTIMEDIA
43,83.5,45.5,58.5,57.63,230.50,MULTIMEDIA
40.5,75.5,48,50,53.50,214.00,MULTIMEDIA
43,79.5,43,50.5,54.00,216.00,MULTIMEDIA
70.5,67.5,60.5,44.5,60.75,243.00,MULTIMEDIA
50.5,77.5,60.5,60,62.13,248.50,MULTIMEDIA
45.5,71.5,58,50,56.25,225.00,MULTIMEDIA
60.5,81.5,58,44.5,61.13,244.50,MULTIMEDIA
45.5,83.5,48,42.5,54.88,219.50,MULTIMEDIA
35.5,77.5,63,60,59.00,236.00,MULTIMEDIA
48,77.5,60.5,66.5,63.13,252.50,MULTIMEDIA
45.5,83.5,70.5,44.5,61.00,244.00,MULTIMEDIA
66,67,70,60,65.75,263.00,MULTIMEDIA
78.5,82,86.5,40,71.75,287.00,ARSITEK
63.5,82,69,58,68.13,272.50,ARSITEK
68.5,88.5,81.5,50,72.13,288.50,ARSITEK
76,80,76.5,52,71.13,284.50,ARSITEK
66,86,66.5,60,69.63,278.50,ARSITEK
96,90,89,62,84.25,337.00,ARSITEK
58.5,84.5,61.5,66,67.63,270.50,ARSITEK
71,78,74,54,69.25,277.00,ARSITEK
88.5,80,86.5,64,79.75,319.00,ARSITEK
81,81,81.5,60,75.88,303.50,ARSITEK
90.5,93,79,54,79.13,316.50,ARSITEK
48.5,75,79,69.5,68.00,272.00,ARSITEK
73.5,81,61.5,57.5,68.38,273.50,ARSITEK
71,79,61.5,53.5,66.25,265.00,ARSITEK
93.5,77,76.5,49.5,74.13,296.50,ARSITEK
88,81.5,79,65.5,78.50,314.00,ARSITEK
86.5,89,81.5,58,78.75,315.00,ARSITEK
85,61,59,54,64.75,259.00,ARSITEK
86,77.5,54,72,72.38,289.50,ARSITEK
91,83,76.5,58,77.13,308.50,ARSITEK
76,81,71.5,46,68.63,274.50,ARSITEK
96,87,84,78,86.25,345.00,ARSITEK
88.5,77,76.5,84,81.50,326.00,ARSITEK
98.5,81,76.5,70,81.50,326.00,ARSITEK
86,90.5,79,78,83.38,333.50,ARSITEK
86,93,64,52,73.75,295.00,ARSITEK
86,90.5,89,48,78.38,313.50,ARSITEK
96,87,81.5,89.5,88.50,354.00,ARSITEK
90.5,85,91.5,80,86.75,347.00,ARSITEK
93.5,89,84,91.5,89.50,358.00,ARSITEK
61,81,84,66,73.00,292.00,ARSITEK
91,85.5,89,61,81.63,326.50,ARSITEK
86,85,56.5,63.5,72.75,291.00,ARSITEK
76,87,59,56,69.50,278.00,ARSITEK
78.5,91,76.5,66,78.00,312.00,ARSITEK
73.5,83,66.5,46,67.25,269.00,ARSITEK
81,79,81.5,67.5,77.25,309.00,ARSITEK
53.5,75,61.5,66,64.00,256.00,ARSITEK
88.5,85,74,51.5,74.75,299.00,ARSITEK
76,85.5,76.5,63.5,75.38,301.50,ARSITEK
63.5,89,86.5,61,75.00,300.00,ARSITEK
56,79.5,69,51.5,64.00,256.00,ARSITEK
68.5,79,74,56,69.38,277.50,ARSITEK
66,83,69,49.5,66.88,267.50,ARSITEK
76,75,71.5,55,69.38,277.50,ARSITEK
88.5,93,81.5,55.5,79.63,318.50,ARSITEK
76,85.5,69,69,74.88,299.50,ARSITEK
73.5,85,59,53.5,67.75,271.00,ARSITEK
68.5,75,66.5,55.5,66.38,265.50,ARSITEK
51,86.5,56.5,56,62.50,250.00,ARSITEK
58.5,83,71.5,55,67.00,268.00,ARSITEK
96,86.5,91.5,71,86.25,345.00,ARSITEK
76,75,66.5,43.5,65.25,261.00,ARSITEK
61,79,71.5,47,64.63,258.50,ARSITEK
58.5,80.5,71.5,45.5,64.00,256.00,ARSITEK
86,77,86.5,65.5,78.75,315.00,ARSITEK
88.5,80.5,71.5,73.5,78.50,314.00,ARSITEK
66,83,66.5,47,65.63,262.50,ARSITEK
81,91,81.5,67.5,80.25,321.00,ARSITEK
68.5,71,76.5,45.5,65.38,261.50,ARSITEK
80,81,66.5,51.5,69.75,279.00,ARSITEK
88.5,93,76.5,55,78.25,313.00,ARSITEK
91,91,89,67.5,84.63,338.50,ARSITEK
98.5,89,91.5,79,89.50,358.00,ARSITEK
98.5,95,91.5,73.5,89.63,358.50,TEKNIK SIPIL
91,90.5,84,76,85.38,341.50,TEKNIK SIPIL
81,87,74,59.5,75.38,301.50,TEKNIK SIPIL
81,79,66.5,40,66.63,266.50,TEKNIK SIPIL
78.5,70.5,71.5,63.5,71.00,284.00,TEKNIK SIPIL
68.5,85,69,57,69.88,279.50,TEKNIK SIPIL
78.5,79,79,48,71.13,284.50,TEKNIK SIPIL
73.5,85,84,47,72.38,289.50,TEKNIK SIPIL
73.5,85.5,84,69.5,78.13,312.50,TEKNIK SIPIL
71,85,71.5,55,70.63,282.50,TEKNIK SIPIL
93.5,89,71.5,47,75.25,301.00,TEKNIK SIPIL
96,85.5,84,55.5,80.25,321.00,TEKNIK SIPIL
88.5,87,74,45.5,73.75,295.00,TEKNIK SIPIL
88,85,84,59.5,79.13,316.50,TEKNIK SIPIL
86.5,83,91.5,89.5,87.63,350.50,TEKNIK SIPIL
93.5,93,81.5,57,81.25,325.00,TEKNIK SIPIL
90,79,71.5,49.5,72.50,290.00,TEKNIK SIPIL
91,79,79,45.5,73.63,294.50,TEKNIK SIPIL
76,73,64,79,73.00,292.00,TEKNIK SIPIL
73.5,88.5,66.5,47.5,69.00,276.00,TEKNIK SIPIL
58.5,81,79,59.5,69.50,278.00,TEKNIK SIPIL
76,77,61.5,56,67.63,270.50,TEKNIK SIPIL
61,79,74,53.5,66.88,267.50,TEKNIK SIPIL
66,75.5,64,53.5,64.75,259.00,TEKNIK SIPIL
86,83,69,56,73.50,294.00,TEKNIK SIPIL
83.5,79,79,53.5,73.75,295.00,TEKNIK SIPIL
46,85,46.5,69,61.63,246.50,TEKNIK SIPIL
91,83,79,53.5,76.63,306.50,TEKNIK SIPIL
88.5,81,76.5,49,73.75,295.00,TEKNIK SIPIL
48.5,83,66.5,51.5,62.38,249.50,TEKNIK SIPIL
81,79,79,67,76.50,306.00,TEKNIK SIPIL
80.5,90.5,81.5,59.5,78.00,312.00,TEKNIK SIPIL
96,87,81.5,65.5,82.50,330.00,LISTRIK
68.5,89,61.5,46,66.25,265.00,LISTRIK
83.5,87,86.5,71.5,82.13,328.50,LISTRIK
73.5,81.5,74,57.5,71.63,286.50,LISTRIK
51,87,61.5,47,61.63,246.50,LISTRIK
86,87,86.5,77.5,84.25,337.00,LISTRIK
83.5,91,59,49,70.63,282.50,LISTRIK
91,81,81.5,67.5,80.25,321.00,LISTRIK
88.5,81,79,49,74.38,297.50,LISTRIK
58.5,79,54,69.5,65.25,261.00,LISTRIK
61,81,56.5,65.5,66.00,264.00,LISTRIK
73.5,85.5,59,51,67.25,269.00,LISTRIK
76,79,76.5,55.5,71.75,287.00,LISTRIK
63.5,87,69,66,71.38,285.50,LISTRIK
63.5,89,74,85.5,78.00,312.00,LISTRIK
88.5,89,84.5,71,83.25,333.00,LISTRIK
81,85.5,79,59.5,76.25,305.00,LISTRIK
66,83,66.5,66,70.38,281.50,LISTRIK
71,83,71.5,63.5,72.25,289.00,LISTRIK
91,80.5,74,66,77.88,311.50,LISTRIK
76,85,79,73.5,78.38,313.50,LISTRIK
76,89,76.5,75.5,79.25,317.00,LISTRIK
81,85,66.5,61.5,73.50,294.00,LISTRIK
91,79.5,79,55.5,76.25,305.00,LISTRIK
83.5,79,81.5,56,75.00,300.00,LISTRIK
91,91,81.5,45.5,77.25,309.00,LISTRIK
63.5,81,79,45,67.13,268.50,LISTRIK
66,90.5,74,41.5,68.00,272.00,LISTRIK
66,85,61.5,66,69.63,278.50,LISTRIK
73.5,77,66.5,51.5,67.13,268.50,LISTRIK
81,91,71.5,56,74.88,299.50,LISTRIK
48.5,73.5,61.5,65.5,62.25,249.00,LISTRIK
88.5,81,74,51,73.63,294.50,LISTRIK
88.5,83,86.5,47.5,76.38,305.50,LISTRIK
91,87,79,51.5,77.13,308.50,LISTRIK
61,70.5,71.5,57,65.00,260.00,LISTRIK
71,79,69,49.5,67.13,268.50,LISTRIK
46,89,51.5,53.5,60.00,240.00,LISTRIK
76,69,64,64,68.25,273.00,LISTRIK
63.5,83,54,53.5,63.50,254.00,LISTRIK
83.5,81,51.5,66,70.50,282.00,LISTRIK
61,77.5,64,59.5,65.50,262.00,LISTRIK
73.5,83,66.5,56,69.75,279.00,LISTRIK
86,85,84,63.5,79.63,318.50,LISTRIK
61,85,79,56,70.25,281.00,LISTRIK
76,83,84,45.5,72.13,288.50,LISTRIK
76,90.5,81.5,51.5,74.88,299.50,LISTRIK
61,81,79,66,71.75,287.00,LISTRIK
98.5,91,86.5,65.5,85.38,341.50,LISTRIK
88.5,89,84,69,82.63,330.50,LISTRIK
86,83.5,86.5,55.5,77.88,311.50,LISTRIK
71,93,81.5,66,77.88,311.50,LISTRIK
73.5,79,79,61.5,73.25,293.00,LISTRIK
98.5,89,96.5,66,87.50,350.00,LISTRIK
63.5,85.5,61.5,55.5,66.50,266.00,LISTRIK
78.5,79,69,56,70.63,282.50,LISTRIK
61,89,54,53.5,64.38,257.50,LISTRIK
68.5,81.5,69,57,69.00,276.00,LISTRIK
78.5,75,69,53.5,69.00,276.00,LISTRIK
61,80.5,69,69,69.88,279.50,LISTRIK
61,81,61.5,51.5,63.75,255.00,LISTRIK
83.5,81,56.5,69,72.50,290.00,LISTRIK
56,83,69,61,67.25,269.00,LISTRIK
86,79,76.5,59.5,75.25,301.00,LISTRIK
81,89,74,67,77.75,311.00,ELEKTRONIKA
58.5,83,59,47.5,62.00,248.00,ELEKTRONIKA
86,81,66.5,71,76.13,304.50,ELEKTRONIKA
88.5,85,54,65.5,73.25,293.00,ELEKTRONIKA
51,88.5,69,61,67.38,269.50,ELEKTRONIKA
53.5,85,59,63.5,65.25,261.00,ELEKTRONIKA
76,81,64,56,69.25,277.00,ELEKTRONIKA
76,91,76.5,59.5,75.75,303.00,ELEKTRONIKA
93.5,83.5,69,66,78.00,312.00,ELEKTRONIKA
68.5,89,69,63.5,72.50,290.00,ELEKTRONIKA
85,85,51.5,56,69.38,277.50,ELEKTRONIKA
88.5,79,64,51.5,70.75,283.00,ELEKTRONIKA
93.5,87,76.5,71,82.00,328.00,ELEKTRONIKA
45,80.5,51.5,65.5,60.63,242.50,ELEKTRONIKA
53.5,79,59,56,61.88,247.50,ELEKTRONIKA
51,87,39,69.5,61.63,246.50,ELEKTRONIKA
53.5,91,76.5,71.5,73.13,292.50,ELEKTRONIKA
71,70.5,76.5,56,68.50,274.00,ELEKTRONIKA
88.5,83,84,51,76.63,306.50,ELEKTRONIKA
88.5,77,71.5,61.5,74.63,298.50,ELEKTRONIKA
78.5,83,79,56,74.13,296.50,ELEKTRONIKA
81,79,61.5,45.5,66.75,267.00,ELEKTRONIKA
78.5,87.5,76.5,45,71.88,287.50,ELEKTRONIKA
66,85,61.5,45.5,64.50,258.00,ELEKTRONIKA
63.5,77,71.5,61.5,68.38,273.50,ELEKTRONIKA
78.5,81,74,57,72.63,290.50,ELEKTRONIKA
53.5,83,64,57.5,64.50,258.00,ELEKTRONIKA
33.5,75,51.5,61,55.25,221.00,ELEKTRONIKA
96,79,71.5,53.5,75.00,300.00,ELEKTRONIKA
56,85,76.5,51,67.13,268.50,ELEKTRONIKA
83.5,93,76.5,69.5,80.63,322.50,ELEKTRONIKA
66,70.5,64,56,64.13,256.50,ELEKTRONIKA
86,87,79,61.5,78.38,313.50,LAS
53.5,79,66.5,51.5,62.63,250.50,LAS
91,75,76.5,76,79.63,318.50,LAS
93.5,88.5,81.5,56,79.88,319.50,LAS
96,85,81.5,75.5,84.50,338.00,LAS
88.5,83,76.5,61,77.25,309.00,LAS
81,73,54,51,64.75,259.00,LAS
71,79,56.5,39.5,61.50,246.00,LAS
56,85.5,66.5,56,66.00,264.00,LAS
96,87,64,75.5,80.63,322.50,LAS
91,84,64,55,73.50,294.00,LAS
96,84,86.5,67.5,83.50,334.00,LAS
63.5,72.5,64,51,62.75,251.00,LAS
86,84,64,67.5,75.38,301.50,LAS
66,76,66.5,49.5,64.50,258.00,LAS
83.5,78,59,56,69.13,276.50,LAS
48.5,84,71.5,57.5,65.38,261.50,LAS
96,76,84,67,80.75,323.00,LAS
71,72,69,47.5,64.88,259.50,LAS
91,78,66.5,57,73.13,292.50,LAS
86,68.5,71.5,56,70.50,282.00,LAS
63.5,78,69,63.5,68.50,274.00,LAS
51,82,66.5,61,65.13,260.50,LAS
53.5,80,71.5,55.5,65.13,260.50,LAS
76,82,69,56,70.75,283.00,LAS
81,80,64,51,69.00,276.00,LAS
90,85.5,84,61,80.13,320.50,LAS
96,88,79,89.5,88.13,352.50,LAS
76,78,64,61,69.75,279.00,LAS
98.5,84,91.5,65.5,84.88,339.50,LAS
88.5,92,89,56,81.38,325.50,LAS
90.5,80,69,46,71.38,285.50,LAS
81,78.5,69,57,71.38,285.50,MESIN PRODUKSI
86,80,86.5,59.5,78.00,312.00,MESIN PRODUKSI
83.5,82,79,67.5,78.00,312.00,MESIN PRODUKSI
71,88,69,67,73.75,295.00,MESIN PRODUKSI
78.5,81.5,79,56,73.75,295.00,MESIN PRODUKSI
90.5,87,84,66,81.88,327.50,MESIN PRODUKSI
83.5,81,71.5,51,71.75,287.00,MESIN PRODUKSI
53.5,75.5,54,71,63.50,254.00,MESIN PRODUKSI
76,89,76.5,71,78.13,312.50,MESIN PRODUKSI
61,81,76.5,81.5,75.00,300.00,MESIN PRODUKSI
88.5,87,69,55,74.88,299.50,MESIN PRODUKSI
71,83,64,59.5,69.38,277.50,MESIN PRODUKSI
76,87,74,66,75.75,303.00,MESIN PRODUKSI
58.5,83,59,61,65.38,261.50,MESIN PRODUKSI
61,87,56.5,57.5,65.50,262.00,MESIN PRODUKSI
83.5,87,81.5,71,80.75,323.00,MESIN PRODUKSI
78.5,87,71.5,71.5,77.13,308.50,MESIN PRODUKSI
41,81.5,64,61,61.88,247.50,MESIN PRODUKSI
73.5,89,61.5,55,69.75,279.00,MESIN PRODUKSI
68.5,80.5,84,56,72.25,289.00,MESIN PRODUKSI
63.5,81,71.5,51.5,66.88,267.50,MESIN PRODUKSI
56,71,71.5,80,69.63,278.50,MESIN PRODUKSI
78.5,89,66.5,66,75.00,300.00,MESIN PRODUKSI
91,77,66.5,67.5,75.50,302.00,MESIN PRODUKSI
76,75.5,56.5,51,64.75,259.00,MESIN PRODUKSI
73.5,81,61.5,47.5,65.88,263.50,MESIN PRODUKSI
86,85,64,66,75.25,301.00,MESIN PRODUKSI
61,89,71.5,55.5,69.25,277.00,MESIN PRODUKSI
96,83.5,74,67,80.13,320.50,MESIN PRODUKSI
58.5,75,56.5,55.5,61.38,245.50,MESIN PRODUKSI
68.5,85,56.5,60,67.50,270.00,MESIN PRODUKSI
58.5,87,59,67,67.88,271.50,MESIN PRODUKSI
56,88.5,51.5,61.5,64.38,257.50,MESIN PRODUKSI
91,79,76.5,65.5,78.00,312.00,MESIN PRODUKSI
63.5,89,66.5,51,67.50,270.00,MESIN PRODUKSI
56,75,74,77.5,70.63,282.50,MESIN PRODUKSI
56,83.5,54,56,62.38,249.50,MESIN PRODUKSI
66,83,49,61.5,64.88,259.50,MESIN PRODUKSI
58.5,75,69,61,65.88,263.50,MESIN PRODUKSI
55,87.5,61.5,51.5,63.88,255.50,MESIN PRODUKSI
58.5,85,71.5,71,71.50,286.00,MESIN PRODUKSI
61,81,61.5,51.5,63.75,255.00,MESIN PRODUKSI
61,87.5,71.5,67,71.75,287.00,MESIN PRODUKSI
83.5,91,79,73.5,81.75,327.00,MESIN PRODUKSI
65,85,76.5,69,73.88,295.50,MESIN PRODUKSI
90.5,83,94,65.5,83.25,333.00,MESIN PRODUKSI
90,80.5,84,76,82.63,330.50,MESIN PRODUKSI
86,81,64,70,75.25,301.00,MESIN PRODUKSI
93.5,77,81.5,66,79.50,318.00,MESIN PRODUKSI
68,75.5,61.5,70,68.75,275.00,MESIN PRODUKSI
73.5,73,64,49.5,65.00,260.00,MESIN PRODUKSI
81,81,66.5,56,71.13,284.50,MESIN PRODUKSI
61,77.5,76.5,57,68.00,272.00,MESIN PRODUKSI
43.5,79,64,77.5,66.00,264.00,MESIN PRODUKSI
88.5,79.5,91.5,67,81.63,326.50,MESIN PRODUKSI
96,81,81.5,49.5,77.00,308.00,MESIN PRODUKSI
68.5,79,64,51,65.63,262.50,MESIN PRODUKSI
66,80,54,75.5,68.88,275.50,MESIN PRODUKSI
68.5,91,81.5,69,77.50,310.00,MESIN PRODUKSI
61,89,71.5,37.5,64.75,259.00,MESIN PRODUKSI
93.5,87,84,69,83.38,333.50,MESIN PRODUKSI
73.5,81,56.5,49.5,65.13,260.50,MESIN PRODUKSI
68.5,85.5,74,46,68.50,274.00,MESIN PRODUKSI
56,83,71.5,53.5,66.00,264.00,MESIN PRODUKSI
66,91,71.5,57,71.38,285.50,MESIN PRODUKSI
86,85,86.5,37.5,73.75,295.00,MESIN PRODUKSI
66,83,74,35.5,64.63,258.50,MESIN PRODUKSI
56,90,71.5,45,65.63,262.50,MESIN PRODUKSI
98.5,79,66.5,63.5,76.88,307.50,MESIN PRODUKSI
56,88.5,59,55,64.63,258.50,MESIN PRODUKSI
81,93,79,67,80.00,320.00,MESIN PRODUKSI
86.5,85.5,81.5,55.5,77.25,309.00,MESIN PRODUKSI
76,81,61.5,51,67.38,269.50,MESIN PRODUKSI
63.5,87,79,66,73.88,295.50,MESIN PRODUKSI
46,80,69,70,66.25,265.00,MESIN PRODUKSI
61,77,69,66,68.25,273.00,MESIN PRODUKSI
53.5,95,71.5,53.5,68.38,273.50,MESIN PRODUKSI
61,90,69,70,72.50,290.00,MESIN PRODUKSI
83.5,85.5,59,71,74.75,299.00,MESIN PRODUKSI
46,85,69,55.5,63.88,255.50,MESIN PRODUKSI
86,75,76.5,66,75.88,303.50,MESIN PRODUKSI
76,80.5,76.5,81.5,78.63,314.50,MESIN PRODUKSI
71,88.5,76.5,71.5,76.88,307.50,MESIN PRODUKSI
63.5,75,66.5,56,65.25,261.00,MESIN PRODUKSI
66,80.5,56.5,57.5,65.13,260.50,MESIN PRODUKSI
88.5,89,89,71,84.38,337.50,MESIN PRODUKSI
66,85.5,64,63.5,69.75,279.00,MESIN PRODUKSI
71,83,76.5,61,72.88,291.50,MESIN PRODUKSI
71,80.5,79,49.5,70.00,280.00,MESIN PRODUKSI
68.5,81,61.5,61,68.00,272.00,MESIN PRODUKSI
76,80.5,79,67.5,75.75,303.00,MESIN PRODUKSI
91,90.5,84,71,84.13,336.50,MESIN PRODUKSI
90,85,81.5,71.5,82.00,328.00,MESIN PRODUKSI
93.5,88.5,76.5,63.5,80.50,322.00,MESIN PRODUKSI
83.5,85,81.5,66,79.00,316.00,MESIN PRODUKSI
75,81.5,74,39.5,67.50,270.00,MESIN PRODUKSI
83.5,81,81.5,73.5,79.88,319.50,OTOMOTIF
91,93.5,94,69.5,87.00,348.00,OTOMOTIF
86,87,81.5,79.5,83.50,334.00,OTOMOTIF
86,83.5,81.5,59.5,77.63,310.50,OTOMOTIF
78.5,83,59,57,69.38,277.50,OTOMOTIF
63.5,85.5,74,55.5,69.63,278.50,OTOMOTIF
86,85,76.5,66,78.38,313.50,OTOMOTIF
90.5,90.5,91.5,85.5,89.50,358.00,OTOMOTIF
58.5,69,64,69.5,65.25,261.00,OTOMOTIF
91,90.5,84,71,84.13,336.50,OTOMOTIF
88.5,93,81.5,65.5,82.13,328.50,OTOMOTIF
81,77,66.5,56,70.13,280.50,OTOMOTIF
78.5,80.5,79,59.5,74.38,297.50,OTOMOTIF
86,89,69,46,72.50,290.00,OTOMOTIF
66,91,64,67.5,72.13,288.50,OTOMOTIF
61,77,69,78,71.25,285.00,OTOMOTIF
68.5,87,84,79.5,79.75,319.00,OTOMOTIF
61,83,71.5,49.5,66.25,265.00,OTOMOTIF
88.5,91,76.5,79,83.75,335.00,OTOMOTIF
76,73,64,56,67.25,269.00,OTOMOTIF
56,89,61.5,69.5,69.00,276.00,OTOMOTIF
73.5,75,61.5,59,67.25,269.00,OTOMOTIF
75,75,59,65.5,68.63,274.50,OTOMOTIF
73.5,75,49,67,66.13,264.50,OTOMOTIF
58.5,77,69,75.5,70.00,280.00,OTOMOTIF
75,77,66.5,56,68.63,274.50,OTOMOTIF
66,79,81.5,79.5,76.50,306.00,OTOMOTIF
88.5,87,71.5,57.5,76.13,304.50,OTOMOTIF
56,89,59,61,66.25,265.00,OTOMOTIF
58.5,87,64,71,70.13,280.50,OTOMOTIF
40,83,56.5,87.5,66.75,267.00,OTOMOTIF
65,79,74,57,68.75,275.00,OTOMOTIF
93.5,81,59,49.5,70.75,283.00,OTOMOTIF
65,83,74,45.5,66.88,267.50,OTOMOTIF
85,79,59,54,69.25,277.00,OTOMOTIF
83.5,91,66.5,69.5,77.63,310.50,OTOMOTIF
55,73,76.5,53,64.38,257.50,OTOMOTIF
81,81,69,68,74.75,299.00,OTOMOTIF
86,83,69,49.5,71.88,287.50,OTOMOTIF
73.5,85.5,76.5,45,70.13,280.50,OTOMOTIF
76,89,69,75.5,77.38,309.50,OTOMOTIF
68.5,83,66.5,45,65.75,263.00,OTOMOTIF
73.5,70.5,71.5,56,67.88,271.50,OTOMOTIF
98.5,93,79,57.5,82.00,328.00,OTOMOTIF
63.5,79.5,66.5,66,68.88,275.50,OTOMOTIF
83.5,77,76.5,57.5,73.63,294.50,OTOMOTIF
73.5,85.5,74,67.5,75.13,300.50,OTOMOTIF
98.5,87,76.5,71,83.25,333.00,OTOMOTIF
71,79.5,69,47.5,66.75,267.00,OTOMOTIF
58.5,79,59,57,63.38,253.50,OTOMOTIF
61,83.5,74,45.5,66.00,264.00,OTOMOTIF
51,87,51.5,57.5,61.75,247.00,OTOMOTIF
53.5,83.5,61.5,77.5,69.00,276.00,OTOMOTIF
83.5,79,66.5,66,73.75,295.00,OTOMOTIF
68.5,85,86.5,39.5,69.88,279.50,OTOMOTIF
76,79.5,71.5,55,70.50,282.00,OTOMOTIF
51,81,71.5,49.5,63.25,253.00,OTOMOTIF
66,79,64,51.5,65.13,260.50,OTOMOTIF
48.5,79.5,61.5,77,66.63,266.50,OTOMOTIF
71,81,71.5,53.5,69.25,277.00,OTOMOTIF
86,73.5,66.5,61.5,71.88,287.50,OTOMOTIF
78.5,83,61.5,47.5,67.63,270.50,OTOMOTIF
48.5,77,66.5,76,67.00,268.00,OTOMOTIF
81,72.2,76.5,55.5,71.30,285.20,OTOMOTIF
96,76.2,74,45.5,72.93,291.70,OTOMOTIF
66,88.2,69,59.5,70.68,282.70,OTOMOTIF
86,82.2,74,75.5,79.43,317.70,OTOMOTIF
93.5,96.2,69,70,82.18,328.70,OTOMOTIF
98.5,84.2,89,71.5,85.80,343.20,OTOMOTIF
71,79,66.5,65.5,70.50,282.00,OTOMOTIF
81,83,79,44,71.75,287.00,OTOMOTIF
71,85,66.5,65.5,72.00,288.00,OTOMOTIF
61,79,56.5,65,65.38,261.50,OTOMOTIF
78.5,83,59,51.5,68.00,272.00,OTOMOTIF
63,87,76.5,45,67.88,271.50,OTOMOTIF
88.5,79,71.5,65.5,76.13,304.50,OTOMOTIF
76,83,69,70,74.50,298.00,OTOMOTIF
81,85,64,43.5,68.38,273.50,OTOMOTIF
76,89,74,57,74.00,296.00,OTOMOTIF
91,89,91.5,61.5,83.25,333.00,OTOMOTIF
88.5,79,74,59.5,75.25,301.00,OTOMOTIF
63.5,81,56.5,61,65.50,262.00,OTOMOTIF
86,75,71.5,59.5,73.00,292.00,OTOMOTIF
63.5,85,74,66,72.13,288.50,OTOMOTIF
78.5,79,76.5,65.5,74.88,299.50,OTOMOTIF
56,75,61.5,57.5,62.50,250.00,OTOMOTIF
78.5,90.5,81.5,65.5,79.00,316.00,OTOMOTIF
53.5,79,56.5,66,63.75,255.00,OTOMOTIF
93,81,74,49.5,74.38,297.50,OTOMOTIF
86,79,81.5,46,73.13,292.50,OTOMOTIF
96,88.5,99,45.5,82.25,329.00,OTOMOTIF
68.5,85,56.5,56,66.50,266.00,OTOMOTIF
70,85,74,57.5,71.63,286.50,OTOMOTIF
53.5,71,69,51.5,61.25,245.00,OTOMOTIF
81,85,76.5,56,74.63,298.50,OTOMOTIF
61,77,71.5,53.5,65.75,263.00,OTOMOTIF
73.5,70.5,71.5,51,66.63,266.50,KOMPUTER & JARINGAN
56,69,79,51.5,63.88,255.50,KOMPUTER & JARINGAN
76,77,64,53.5,67.63,270.50,KOMPUTER & JARINGAN
83.5,73,56.5,51.5,66.13,264.50,KOMPUTER & JARINGAN
83,69,59,55.5,66.63,266.50,KOMPUTER & JARINGAN
78.5,83,64,47.5,68.25,273.00,KOMPUTER & JARINGAN
86,85,79,51.5,75.38,301.50,KOMPUTER & JARINGAN
80,85.5,71.5,71.5,77.13,308.50,KOMPUTER & JARINGAN
78.5,77,64,61,70.13,280.50,KOMPUTER & JARINGAN
86,79,84,57.5,76.63,306.50,KOMPUTER & JARINGAN
96,85,89,61,82.75,331.00,KOMPUTER & JARINGAN
58.5,79,54,55.5,61.75,247.00,KOMPUTER & JARINGAN
91,81.5,61.5,75.5,77.38,309.50,KOMPUTER & JARINGAN
60,77,69,63.5,67.38,269.50,KOMPUTER & JARINGAN
98.5,83,84,85.5,87.75,351.00,KOMPUTER & JARINGAN
65,73,69,39.5,61.63,246.50,KOMPUTER & JARINGAN
86,79.5,56.5,67,72.25,289.00,KOMPUTER & JARINGAN
76,87,61.5,67.5,73.00,292.00,KOMPUTER & JARINGAN
66,83,64,51,66.00,264.00,KOMPUTER & JARINGAN
61,89,51.5,65.5,66.75,267.00,KOMPUTER & JARINGAN
81,81,79,66,76.75,307.00,KOMPUTER & JARINGAN
91,88.5,79,75.5,83.50,334.00,KOMPUTER & JARINGAN
93.5,95,71.5,67,81.75,327.00,KOMPUTER & JARINGAN
86,81,76.5,43.5,71.75,287.00,KOMPUTER & JARINGAN
66,75,59,78,69.50,278.00,KOMPUTER & JARINGAN
63.5,73,61.5,63.5,65.38,261.50,KOMPUTER & JARINGAN
58.5,87,69,55.5,67.50,270.00,KOMPUTER & JARINGAN
58.5,79.5,64,56,64.50,258.00,KOMPUTER & JARINGAN
61,75,66.5,65.5,67.00,268.00,KOMPUTER & JARINGAN
78.5,73,69,56,69.13,276.50,KOMPUTER & JARINGAN
71,81,71.5,71.5,73.75,295.00,KOMPUTER & JARINGAN
88.5,93.5,69,67.5,79.63,318.50,KOMPUTER & JARINGAN
76,69,69,51,66.25,265.00,MULTIMEDIA
91,85,74,53.5,75.88,303.50,MULTIMEDIA
91,79,76.5,65.5,78.00,312.00,MULTIMEDIA
78.5,85.5,76.5,57.5,74.50,298.00,MULTIMEDIA
73,83,81.5,53.5,72.75,291.00,MULTIMEDIA
93.5,87,79,67.5,81.75,327.00,MULTIMEDIA
61,81,71.5,71,71.13,284.50,MULTIMEDIA
86,83,81.5,73.5,81.00,324.00,MULTIMEDIA
76,80.5,59,74,72.38,289.50,MULTIMEDIA
88.5,79,94,81.5,85.75,343.00,MULTIMEDIA
86,85,79,67,79.25,317.00,MULTIMEDIA
88,89,89,91.5,89.38,357.50,MULTIMEDIA
63.5,81.5,64,56,66.25,265.00,MULTIMEDIA
48,85,54,73.5,65.13,260.50,MULTIMEDIA
53.5,83,56.5,51,61.00,244.00,MULTIMEDIA
56,85,64,45.5,62.63,250.50,MULTIMEDIA
63.5,75.5,51.5,66,64.13,256.50,MULTIMEDIA
66,91,71.5,55,70.88,283.50,MULTIMEDIA
56,79,61.5,48.5,61.25,245.00,MULTIMEDIA
63.5,73,46.5,55,59.50,238.00,MULTIMEDIA
43,83,44,60,57.50,230.00,MULTIMEDIA
41,75,46.5,55.5,54.50,218.00,MULTIMEDIA
43.5,79.5,41.5,55,54.88,219.50,MULTIMEDIA
71,67,59,46,60.75,243.00,MULTIMEDIA
51,77,59,56,60.75,243.00,MULTIMEDIA
46,71.5,56.5,56,57.50,230.00,MULTIMEDIA
61,81,56.5,55,63.38,253.50,MULTIMEDIA
46,83,46.5,54,57.38,229.50,MULTIMEDIA
36,77.5,61.5,66.5,60.38,241.50,MULTIMEDIA
48.5,77,59,68.5,63.25,253.00,MULTIMEDIA
46,83,69,46,61.00,244.00,MULTIMEDIA
77.5,82,87.5,38,71.25,285.00,ARSITEK
62.5,82,70,56,67.63,270.50,ARSITEK
67.5,88,82.5,48,71.50,286.00,ARSITEK
75,80,77.5,50,70.63,282.50,ARSITEK
65,86,67.5,58,69.13,276.50,ARSITEK
95,90,90,60,83.75,335.00,ARSITEK
57.5,84,62.5,64,67.00,268.00,ARSITEK
70,78,75,52,68.75,275.00,ARSITEK
87.5,80,87.5,62,79.25,317.00,ARSITEK
80,82,82.5,58,75.63,302.50,ARSITEK
95,94,80,52,80.25,321.00,ARSITEK
47.5,76,80,68,67.88,271.50,ARSITEK
72.5,82,62.5,56,68.25,273.00,ARSITEK
70,80,62.5,52,66.13,264.50,ARSITEK
92.5,78,77.5,48,74.00,296.00,ARSITEK
87.5,82,80,64,78.38,313.50,ARSITEK
100,90,82.5,56,82.13,328.50,ARSITEK
87.5,62,60,52,65.38,261.50,ARSITEK
85,78,55,70,72.00,288.00,ARSITEK
90,84,77.5,56,76.88,307.50,ARSITEK
75,82,72.5,44,68.38,273.50,ARSITEK
95,88,85,76,86.00,344.00,ARSITEK
87.5,78,77.5,82,81.25,325.00,ARSITEK
97.5,82,77.5,68,81.25,325.00,ARSITEK
85,92,80,76,83.25,333.00,ARSITEK
85,94,65,50,73.50,294.00,ARSITEK
85,92,90,46,78.25,313.00,ARSITEK
95,88,82.5,88,88.38,353.50,ARSITEK
100,88,92.5,80,90.13,360.50,ARSITEK
92.5,90,85,90,89.38,357.50,ARSITEK
60,82,85,54,70.25,281.00,ARSITEK
90,86,90,54,80.00,320.00,ARSITEK
85,86,57.5,62,72.63,290.50,ARSITEK
75,88,60,52,68.75,275.00,ARSITEK
77.5,92,77.5,64,77.75,311.00,ARSITEK
72.5,84,67.5,44,67.00,268.00,ARSITEK
80,80,82.5,66,77.13,308.50,ARSITEK
52.5,76,62.5,66,64.25,257.00,ARSITEK
87.5,86,75,50,74.63,298.50,ARSITEK
75,88,77.5,62,75.63,302.50,ARSITEK
62.5,90,87.5,54,73.50,294.00,ARSITEK
55,80,70,50,63.75,255.00,ARSITEK
67.5,80,75,48,67.63,270.50,ARSITEK
65,84,70,48,66.75,267.00,ARSITEK
75,76,72.5,42,66.38,265.50,ARSITEK
87.5,94,82.5,54,79.50,318.00,ARSITEK
75,92,70,68,76.25,305.00,ARSITEK
72.5,86,60,52,67.63,270.50,ARSITEK
67.5,76,67.5,54,66.25,265.00,ARSITEK
50,90,57.5,52,62.38,249.50,ARSITEK
57.5,84,72.5,44,64.50,258.00,ARSITEK
95,88,92.5,60,83.88,335.50,ARSITEK
75,76,67.5,42,65.13,260.50,ARSITEK
60,80,72.5,46,64.63,258.50,ARSITEK
57.5,80,72.5,44,63.50,254.00,ARSITEK
85,78,87.5,64,78.63,314.50,ARSITEK
87.5,82,72.5,72,78.50,314.00,ARSITEK
65,84,67.5,46,65.63,262.50,ARSITEK
80,92,82.5,66,80.13,320.50,ARSITEK
67.5,72,77.5,44,65.25,261.00,ARSITEK
87.5,82,67.5,50,71.75,287.00,ARSITEK
87.5,94,77.5,54,78.25,313.00,ARSITEK
90,92,90,66,84.50,338.00,ARSITEK
97.5,90,92.5,78,89.50,358.00,ARSITEK
97.5,96,92.5,72,89.50,358.00,TEKNIK SIPIL
90,90,85,74,84.75,339.00,TEKNIK SIPIL
80,88,75,58,75.25,301.00,TEKNIK SIPIL
80,80,67.5,40,66.88,267.50,TEKNIK SIPIL
77.5,76,72.5,62,72.00,288.00,TEKNIK SIPIL
67.5,86,70,56,69.88,279.50,TEKNIK SIPIL
77.5,80,80,46,70.88,283.50,TEKNIK SIPIL
72.5,86,85,46,72.38,289.50,TEKNIK SIPIL
72.5,88,85,68,78.38,313.50,TEKNIK SIPIL
70,86,72.5,46,68.63,274.50,TEKNIK SIPIL
92.5,90,72.5,46,75.25,301.00,TEKNIK SIPIL
95,94,85,54,82.00,328.00,TEKNIK SIPIL
87.5,88,75,44,73.63,294.50,TEKNIK SIPIL
87.5,86,85,58,79.13,316.50,TEKNIK SIPIL
100,84,92.5,88,91.13,364.50,TEKNIK SIPIL
92.5,94,82.5,56,81.25,325.00,TEKNIK SIPIL
92.5,80,72.5,48,73.25,293.00,TEKNIK SIPIL
90,80,80,44,73.50,294.00,TEKNIK SIPIL
75,74,65,78,73.00,292.00,TEKNIK SIPIL
72.5,88,67.5,46,68.50,274.00,TEKNIK SIPIL
57.5,82,80,58,69.38,277.50,TEKNIK SIPIL
75,78,62.5,54,67.38,269.50,TEKNIK SIPIL
60,80,75,52,66.75,267.00,TEKNIK SIPIL
65,76,65,52,64.50,258.00,TEKNIK SIPIL
85,84,70,54,73.25,293.00,TEKNIK SIPIL
82.5,80,80,52,73.63,294.50,TEKNIK SIPIL
45,86,47.5,68,61.63,246.50,TEKNIK SIPIL
90,84,80,52,76.50,306.00,TEKNIK SIPIL
87.5,82,77.5,38,71.25,285.00,TEKNIK SIPIL
47.5,84,67.5,50,62.25,249.00,TEKNIK SIPIL
80,80,80,60,75.00,300.00,TEKNIK SIPIL
80,90,82.5,58,77.63,310.50,TEKNIK SIPIL
95,88,82.5,64,82.38,329.50,LISTRIK
67.5,90,62.5,40,65.00,260.00,LISTRIK
82.5,88,87.5,70,82.00,328.00,LISTRIK
72.5,82,75,56,71.38,285.50,LISTRIK
50,88,62.5,46,61.63,246.50,LISTRIK
85,88,87.5,76,84.13,336.50,LISTRIK
82.5,92,60,46,70.13,280.50,LISTRIK
90,82,82.5,66,80.13,320.50,LISTRIK
87.5,82,80,48,74.38,297.50,LISTRIK
57.5,80,55,68,65.13,260.50,LISTRIK
60,82,57.5,64,65.88,263.50,LISTRIK
72.5,86,60,48,66.63,266.50,LISTRIK
75,80,77.5,54,71.63,286.50,LISTRIK
62.5,88,70,62,70.63,282.50,LISTRIK
62.5,90,75,84,77.88,311.50,LISTRIK
100,90,100,52,85.50,342.00,LISTRIK
80,84,80,58,75.50,302.00,LISTRIK
65,84,67.5,60,69.13,276.50,LISTRIK
70,84,72.5,62,72.13,288.50,LISTRIK
90,84,75,64,78.25,313.00,LISTRIK
75,86,80,72,78.25,313.00,LISTRIK
75,90,77.5,74,79.13,316.50,LISTRIK
80,86,67.5,60,73.38,293.50,LISTRIK
90,80,80,54,76.00,304.00,LISTRIK
82.5,80,82.5,36,70.25,281.00,LISTRIK
90,92,82.5,44,77.13,308.50,LISTRIK
62.5,82,80,44,67.13,268.50,LISTRIK
65,94,75,40,68.50,274.00,LISTRIK
65,86,62.5,60,68.38,273.50,LISTRIK
72.5,78,67.5,50,67.00,268.00,LISTRIK
80,92,72.5,52,74.13,296.50,LISTRIK
47.5,74,62.5,64,62.00,248.00,LISTRIK
87.5,82,75,48,73.13,292.50,LISTRIK
87.5,84,87.5,46,76.25,305.00,LISTRIK
90,88,80,50,77.00,308.00,LISTRIK
60,70,72.5,56,64.63,258.50,LISTRIK
70,80,70,48,67.00,268.00,LISTRIK
45,90,52.5,52,59.88,239.50,LISTRIK
75,70,65,62,68.00,272.00,LISTRIK
62.5,84,55,52,63.38,253.50,LISTRIK
82.5,82,52.5,62,69.75,279.00,LISTRIK
60,78,65,58,65.25,261.00,LISTRIK
72.5,84,67.5,52,69.00,276.00,LISTRIK
85,86,85,62,79.50,318.00,LISTRIK
60,86,80,50,69.00,276.00,LISTRIK
75,84,85,44,72.00,288.00,LISTRIK
75,96,82.5,50,75.88,303.50,LISTRIK
60,82,80,62,71.00,284.00,LISTRIK
97.5,92,87.5,64,85.25,341.00,LISTRIK
87.5,90,85,58,80.13,320.50,LISTRIK
85,84,87.5,54,77.63,310.50,LISTRIK
70,94,82.5,64,77.63,310.50,LISTRIK
72.5,80,80,60,73.13,292.50,LISTRIK
97.5,90,97.5,64,87.25,349.00,LISTRIK
62.5,86,62.5,54,66.25,265.00,LISTRIK
77.5,80,70,54,70.38,281.50,LISTRIK
60,90,55,52,64.25,257.00,LISTRIK
67.5,82,70,54,68.38,273.50,LISTRIK
77.5,76,70,52,68.88,275.50,LISTRIK
60,82,70,56,67.00,268.00,LISTRIK
60,82,62.5,50,63.63,254.50,LISTRIK
82.5,82,57.5,66,72.00,288.00,LISTRIK
55,84,70,56,66.25,265.00,LISTRIK
85,80,77.5,58,75.13,300.50,LISTRIK
80,90,75,56,75.25,301.00,ELEKTRONIKA
57.5,84,60,46,61.88,247.50,ELEKTRONIKA
85,82,67.5,46,70.13,280.50,ELEKTRONIKA
87.5,86,55,64,73.13,292.50,ELEKTRONIKA
50,90,70,62,68.00,272.00,ELEKTRONIKA
52.5,86,60,62,65.13,260.50,ELEKTRONIKA
75,82,65,52,68.50,274.00,ELEKTRONIKA
75,92,77.5,58,75.63,302.50,ELEKTRONIKA
92.5,84,70,64,77.63,310.50,ELEKTRONIKA
67.5,90,70,62,72.38,289.50,ELEKTRONIKA
82.5,86,52.5,54,68.75,275.00,ELEKTRONIKA
87.5,80,65,50,70.63,282.50,ELEKTRONIKA
92.5,88,77.5,72,82.50,330.00,ELEKTRONIKA
47.5,80,52.5,64,61.00,244.00,ELEKTRONIKA
52.5,80,60,56,62.13,248.50,ELEKTRONIKA
50,88,40,68,61.50,246.00,ELEKTRONIKA
52.5,92,77.5,70,73.00,292.00,ELEKTRONIKA
70,72,77.5,46,66.38,265.50,ELEKTRONIKA
87.5,84,85,56,78.13,312.50,ELEKTRONIKA
87.5,78,72.5,60,74.50,298.00,ELEKTRONIKA
77.5,84,80,50,72.88,291.50,ELEKTRONIKA
80,80,62.5,44,66.63,266.50,ELEKTRONIKA
77.5,88,77.5,44,71.75,287.00,ELEKTRONIKA
65,86,62.5,44,64.38,257.50,ELEKTRONIKA
62.5,78,72.5,60,68.25,273.00,ELEKTRONIKA
77.5,82,75,44,69.63,278.50,ELEKTRONIKA
52.5,84,65,56,64.38,257.50,ELEKTRONIKA
32.5,76,52.5,46,51.75,207.00,ELEKTRONIKA
95,80,72.5,52,74.88,299.50,ELEKTRONIKA
55,86,77.5,44,65.63,262.50,ELEKTRONIKA
82.5,94,77.5,68,80.50,322.00,ELEKTRONIKA
65,72,65,40,60.50,242.00,ELEKTRONIKA
85,88,80,60,78.25,313.00,LAS
52.5,80,67.5,50,62.50,250.00,LAS
90,76,77.5,74,79.38,317.50,LAS
92.5,88,82.5,52,78.75,315.00,LAS
95,86,82.5,74,84.38,337.50,LAS
87.5,84,77.5,56,76.25,305.00,LAS
80,74,55,36,61.25,245.00,LAS
70,80,57.5,38,61.38,245.50,LAS
55,86,67.5,54,65.63,262.50,LAS
95,88,65,74,80.50,322.00,LAS
90,86,65,48,72.25,289.00,LAS
95,86,87.5,66,83.63,334.50,LAS
62.5,74,65,46,61.88,247.50,LAS
85,86,65,66,75.50,302.00,LAS
65,78,67.5,48,64.63,258.50,LAS
82.5,80,60,52,68.63,274.50,LAS
47.5,86,72.5,56,65.50,262.00,LAS
95,78,85,46,76.00,304.00,LAS
70,74,70,46,65.00,260.00,LAS
90,80,67.5,48,71.38,285.50,LAS
85,70,72.5,38,66.38,265.50,LAS
62.5,80,70,62,68.63,274.50,LAS
50,84,67.5,58,64.88,259.50,LAS
52.5,82,72.5,54,65.25,261.00,LAS
75,84,70,36,66.25,265.00,LAS
80,82,65,44,67.75,271.00,LAS
100,86,85,46,79.25,317.00,LAS
95,90,80,88,88.25,353.00,LAS
75,80,65,58,69.50,278.00,LAS
97.5,86,92.5,64,85.00,340.00,LAS
87.5,94,90,54,81.38,325.50,LAS
95,82,70,42,72.25,289.00,LAS
80,80,70,48,69.50,278.00,MESIN PRODUKSI
85,82,87.5,58,78.13,312.50,MESIN PRODUKSI
82.5,84,80,66,78.13,312.50,MESIN PRODUKSI
70,90,70,62,73.00,292.00,MESIN PRODUKSI
77.5,82,80,46,71.38,285.50,MESIN PRODUKSI
100,88,85,64,84.25,337.00,MESIN PRODUKSI
82.5,82,72.5,52,72.25,289.00,MESIN PRODUKSI
52.5,76,55,68,62.88,251.50,MESIN PRODUKSI
75,90,77.5,60,75.63,302.50,MESIN PRODUKSI
60,82,77.5,80,74.88,299.50,MESIN PRODUKSI
87.5,88,70,52,74.38,297.50,MESIN PRODUKSI
70,84,65,58,69.25,277.00,MESIN PRODUKSI
75,88,75,52,72.50,290.00,MESIN PRODUKSI
57.5,84,60,46,61.88,247.50,MESIN PRODUKSI
60,88,57.5,56,65.38,261.50,MESIN PRODUKSI
82.5,88,82.5,56,77.25,309.00,MESIN PRODUKSI
77.5,88,72.5,70,77.00,308.00,MESIN PRODUKSI
40,82,65,58,61.25,245.00,MESIN PRODUKSI
72.5,90,62.5,48,68.25,273.00,MESIN PRODUKSI
67.5,80,85,50,70.63,282.50,MESIN PRODUKSI
62.5,82,72.5,50,66.75,267.00,MESIN PRODUKSI
55,72,72.5,78,69.38,277.50,MESIN PRODUKSI
77.5,90,67.5,60,73.75,295.00,MESIN PRODUKSI
90,78,67.5,66,75.38,301.50,MESIN PRODUKSI
75,78,57.5,38,62.13,248.50,MESIN PRODUKSI
72.5,82,62.5,46,65.75,263.00,MESIN PRODUKSI
85,86,65,64,75.00,300.00,MESIN PRODUKSI
60,90,72.5,54,69.13,276.50,MESIN PRODUKSI
95,84,75,56,77.50,310.00,MESIN PRODUKSI
57.5,76,57.5,54,61.25,245.00,MESIN PRODUKSI
67.5,86,57.5,54,66.25,265.00,MESIN PRODUKSI
57.5,88,60,58,65.88,263.50,MESIN PRODUKSI
55,88,52.5,60,63.88,255.50,MESIN PRODUKSI
90,80,77.5,64,77.88,311.50,MESIN PRODUKSI
62.5,90,67.5,46,66.50,266.00,MESIN PRODUKSI
55,76,75,76,70.50,282.00,MESIN PRODUKSI
55,84,55,54,62.00,248.00,MESIN PRODUKSI
65,84,50,60,64.75,259.00,MESIN PRODUKSI
57.5,76,70,54,64.38,257.50,MESIN PRODUKSI
52.5,88,62.5,50,63.25,253.00,MESIN PRODUKSI
57.5,86,72.5,42,64.50,258.00,MESIN PRODUKSI
60,82,62.5,50,63.63,254.50,MESIN PRODUKSI
60,88,72.5,60,70.13,280.50,MESIN PRODUKSI
82.5,92,80,72,81.63,326.50,MESIN PRODUKSI
72.5,86,77.5,60,74.00,296.00,MESIN PRODUKSI
97.5,84,95,64,85.13,340.50,MESIN PRODUKSI
97.5,80,85,70,83.13,332.50,MESIN PRODUKSI
87.5,82,65,68,75.63,302.50,MESIN PRODUKSI
92.5,78,82.5,62,78.75,315.00,MESIN PRODUKSI
67.5,76,62.5,68,68.50,274.00,MESIN PRODUKSI
72.5,74,65,48,64.88,259.50,MESIN PRODUKSI
80,82,67.5,50,69.88,279.50,MESIN PRODUKSI
60,78,77.5,52,66.88,267.50,MESIN PRODUKSI
42.5,80,65,76,65.88,263.50,MESIN PRODUKSI
87.5,80,92.5,56,79.00,316.00,MESIN PRODUKSI
95,82,82.5,48,76.88,307.50,MESIN PRODUKSI
67.5,80,65,44,64.13,256.50,MESIN PRODUKSI
65,80,55,74,68.50,274.00,MESIN PRODUKSI
67.5,92,82.5,68,77.50,310.00,MESIN PRODUKSI
60,90,72.5,36,64.63,258.50,MESIN PRODUKSI
92.5,88,85,62,81.88,327.50,MESIN PRODUKSI
72.5,82,57.5,48,65.00,260.00,MESIN PRODUKSI
67.5,84,75,32,64.63,258.50,MESIN PRODUKSI
55,84,72.5,52,65.88,263.50,MESIN PRODUKSI
65,92,72.5,56,71.38,285.50,MESIN PRODUKSI
85,86,87.5,36,73.63,294.50,MESIN PRODUKSI
65,84,75,34,64.50,258.00,MESIN PRODUKSI
55,90,72.5,46,65.88,263.50,MESIN PRODUKSI
97.5,80,67.5,62,76.75,307.00,MESIN PRODUKSI
55,90,60,50,63.75,255.00,MESIN PRODUKSI
80,94,80,66,80.00,320.00,MESIN PRODUKSI
100,88,82.5,54,81.13,324.50,MESIN PRODUKSI
75,82,62.5,36,63.88,255.50,MESIN PRODUKSI
62.5,88,80,64,73.63,294.50,MESIN PRODUKSI
45,80,70,68,65.75,263.00,MESIN PRODUKSI
60,78,70,50,64.50,258.00,MESIN PRODUKSI
52.5,92,72.5,52,67.25,269.00,MESIN PRODUKSI
60,92,70,68,72.50,290.00,MESIN PRODUKSI
82.5,82,60,66,72.63,290.50,MESIN PRODUKSI
45,86,70,54,63.75,255.00,MESIN PRODUKSI
85,76,77.5,60,74.63,298.50,MESIN PRODUKSI
75,82,77.5,80,78.63,314.50,MESIN PRODUKSI
70,92,77.5,70,77.38,309.50,MESIN PRODUKSI
62.5,76,67.5,46,63.00,252.00,MESIN PRODUKSI
65,80,57.5,56,64.63,258.50,MESIN PRODUKSI
87.5,90,90,66,83.38,333.50,MESIN PRODUKSI
65,88,65,62,70.00,280.00,MESIN PRODUKSI
70,84,77.5,50,70.38,281.50,MESIN PRODUKSI
70,80,80,48,69.50,278.00,MESIN PRODUKSI
67.5,82,62.5,58,67.50,270.00,MESIN PRODUKSI
75,80,80,66,75.25,301.00,MESIN PRODUKSI
90,92,85,68,83.75,335.00,MESIN PRODUKSI
97.5,86,82.5,70,84.00,336.00,MESIN PRODUKSI
92.5,90,77.5,62,80.50,322.00,MESIN PRODUKSI
82.5,86,82.5,64,78.75,315.00,MESIN PRODUKSI
62.5,82,75,38,64.38,257.50,MESIN PRODUKSI
82.5,82,82.5,72,79.75,319.00,OTOMOTIF
90,94,95,68,86.75,347.00,OTOMOTIF
85,88,82.5,78,83.38,333.50,OTOMOTIF
85,84,82.5,58,77.38,309.50,OTOMOTIF
77.5,84,60,56,69.38,277.50,OTOMOTIF
62.5,86,75,54,69.38,277.50,OTOMOTIF
85,86,77.5,64,78.13,312.50,OTOMOTIF
100,92,92.5,84,92.13,368.50,OTOMOTIF
57.5,70,65,68,65.13,260.50,OTOMOTIF
90,92,85,70,84.25,337.00,OTOMOTIF
87.5,94,82.5,64,82.00,328.00,OTOMOTIF
80,78,67.5,50,68.88,275.50,OTOMOTIF
77.5,82,80,58,74.38,297.50,OTOMOTIF
85,90,70,40,71.25,285.00,OTOMOTIF
65,92,65,66,72.00,288.00,OTOMOTIF
60,78,70,76,71.00,284.00,OTOMOTIF
67.5,88,85,78,79.63,318.50,OTOMOTIF
60,84,72.5,48,66.13,264.50,OTOMOTIF
100,92,77.5,78,86.88,347.50,OTOMOTIF
72.5,74,65,40,62.88,251.50,OTOMOTIF
55,90,62.5,68,68.88,275.50,OTOMOTIF
72.5,76,62.5,58,67.25,269.00,OTOMOTIF
72.5,76,60,64,68.13,272.50,OTOMOTIF
72.5,76,50,62,65.13,260.50,OTOMOTIF
57.5,78,70,74,69.88,279.50,OTOMOTIF
57.5,78,67.5,54,64.25,257.00,OTOMOTIF
65,80,82.5,78,76.38,305.50,OTOMOTIF
87.5,88,72.5,56,76.00,304.00,OTOMOTIF
55,90,60,62,66.75,267.00,OTOMOTIF
57.5,88,65,70,70.13,280.50,OTOMOTIF
37.5,84,57.5,86,66.25,265.00,OTOMOTIF
62.5,80,75,40,64.38,257.50,OTOMOTIF
92.5,82,60,48,70.63,282.50,OTOMOTIF
62.5,84,75,44,66.38,265.50,OTOMOTIF
82.5,80,60,52,68.63,274.50,OTOMOTIF
82.5,92,67.5,68,77.50,310.00,OTOMOTIF
52.5,74,77.5,52,64.00,256.00,OTOMOTIF
80,82,70,66,74.50,298.00,OTOMOTIF
85,84,70,48,71.75,287.00,OTOMOTIF
72.5,86,77.5,38,68.50,274.00,OTOMOTIF
75,90,70,74,77.25,309.00,OTOMOTIF
67.5,84,67.5,38,64.25,257.00,OTOMOTIF
72.5,70,72.5,38,63.25,253.00,OTOMOTIF
97.5,94,80,56,81.88,327.50,OTOMOTIF
62.5,80,67.5,60,67.50,270.00,OTOMOTIF
82.5,78,77.5,56,73.50,294.00,OTOMOTIF
72.5,86,75,66,74.88,299.50,OTOMOTIF
97.5,88,77.5,64,81.75,327.00,OTOMOTIF
70,80,70,46,66.50,266.00,OTOMOTIF
57.5,80,60,48,61.38,245.50,OTOMOTIF
60,84,75,44,65.75,263.00,OTOMOTIF
50,88,52.5,56,61.63,246.50,OTOMOTIF
52.5,84,62.5,76,68.75,275.00,OTOMOTIF
82.5,80,67.5,60,72.50,290.00,OTOMOTIF
67.5,86,87.5,38,69.75,279.00,OTOMOTIF
75,80,72.5,52,69.88,279.50,OTOMOTIF
50,82,72.5,48,63.13,252.50,OTOMOTIF
65,80,65,50,65.00,260.00,OTOMOTIF
47.5,80,62.5,60,62.50,250.00,OTOMOTIF
70,82,72.5,52,69.13,276.50,OTOMOTIF
85,74,67.5,60,71.63,286.50,OTOMOTIF
77.5,84,62.5,46,67.50,270.00,OTOMOTIF
47.5,78,67.5,72,66.25,265.00,OTOMOTIF
80,74,77.5,54,71.38,285.50,OTOMOTIF
95,78,75,44,73.00,292.00,OTOMOTIF
65,90,70,58,70.75,283.00,OTOMOTIF
85,84,75,74,79.50,318.00,OTOMOTIF
92.5,98,70,68,82.13,328.50,OTOMOTIF
97.5,86,90,70,85.88,343.50,OTOMOTIF
70,80,67.5,64,70.38,281.50,OTOMOTIF
80,84,80,42,71.50,286.00,OTOMOTIF
70,86,67.5,64,71.88,287.50,OTOMOTIF
60,80,57.5,62,64.88,259.50,OTOMOTIF
77.5,84,60,50,67.88,271.50,OTOMOTIF
62.5,88,77.5,44,68.00,272.00,OTOMOTIF
87.5,80,72.5,64,76.00,304.00,OTOMOTIF
75,84,70,68,74.25,297.00,OTOMOTIF
80,86,65,42,68.25,273.00,OTOMOTIF
75,90,75,50,72.50,290.00,OTOMOTIF
90,90,92.5,60,83.13,332.50,OTOMOTIF
87.5,80,75,58,75.13,300.50,OTOMOTIF
62.5,82,57.5,52,63.50,254.00,OTOMOTIF
85,76,72.5,58,72.88,291.50,OTOMOTIF
62.5,86,75,60,70.88,283.50,OTOMOTIF
77.5,80,77.5,64,74.75,299.00,OTOMOTIF
55,76,62.5,56,62.38,249.50,OTOMOTIF
77.5,90,82.5,64,78.50,314.00,OTOMOTIF
52.5,80,57.5,64,63.50,254.00,OTOMOTIF
92.5,82,75,48,74.38,297.50,OTOMOTIF
85,80,82.5,38,71.38,285.50,OTOMOTIF
95,98,100,44,84.25,337.00,OTOMOTIF
67.5,86,57.5,50,65.25,261.00,OTOMOTIF
67.5,86,75,56,71.13,284.50,OTOMOTIF
52.5,72,70,50,61.13,244.50,OTOMOTIF
80,86,77.5,44,71.88,287.50,OTOMOTIF
60,78,72.5,52,65.63,262.50,OTOMOTIF
72.5,70,72.5,38,63.25,253.00,KOMPUTER & JARINGAN
55,70,80,50,63.75,255.00,KOMPUTER & JARINGAN
75,78,65,52,67.50,270.00,KOMPUTER & JARINGAN
82.5,74,57.5,50,66.00,264.00,KOMPUTER & JARINGAN
82.5,70,60,54,66.63,266.50,KOMPUTER & JARINGAN
77.5,84,65,46,68.13,272.50,KOMPUTER & JARINGAN
85,86,80,50,75.25,301.00,KOMPUTER & JARINGAN
62.5,86,72.5,70,72.75,291.00,KOMPUTER & JARINGAN
77.5,78,65,54,68.63,274.50,KOMPUTER & JARINGAN
85,80,85,56,76.50,306.00,KOMPUTER & JARINGAN
95,86,90,60,82.75,331.00,KOMPUTER & JARINGAN
57.5,80,55,54,61.63,246.50,KOMPUTER & JARINGAN
90,82,62.5,74,77.13,308.50,KOMPUTER & JARINGAN
62.5,78,70,62,68.13,272.50,KOMPUTER & JARINGAN
97.5,84,85,84,87.63,350.50,KOMPUTER & JARINGAN
62.5,74,70,38,61.13,244.50,KOMPUTER & JARINGAN
85,80,57.5,58,70.13,280.50,KOMPUTER & JARINGAN
75,88,62.5,66,72.88,291.50,KOMPUTER & JARINGAN
65,84,65,50,66.00,264.00,KOMPUTER & JARINGAN
60,90,52.5,64,66.63,266.50,KOMPUTER & JARINGAN
80,82,80,56,74.50,298.00,KOMPUTER & JARINGAN
90,98,80,74,85.50,342.00,KOMPUTER & JARINGAN
92.5,96,72.5,66,81.75,327.00,KOMPUTER & JARINGAN
85,82,77.5,42,71.63,286.50,KOMPUTER & JARINGAN
65,76,60,72,68.25,273.00,KOMPUTER & JARINGAN
62.5,74,62.5,62,65.25,261.00,KOMPUTER & JARINGAN
57.5,88,70,54,67.38,269.50,KOMPUTER & JARINGAN
57.5,80,65,50,63.13,252.50,KOMPUTER & JARINGAN
60,76,67.5,64,66.88,267.50,KOMPUTER & JARINGAN
77.5,74,70,48,67.38,269.50,KOMPUTER & JARINGAN
70,82,72.5,70,73.63,294.50,KOMPUTER & JARINGAN
87.5,94,70,66,79.38,317.50,KOMPUTER & JARINGAN
75,70,70,48,65.75,263.00,MULTIMEDIA
90,86,75,52,75.75,303.00,MULTIMEDIA
90,80,77.5,64,77.88,311.50,MULTIMEDIA
77.5,86,77.5,56,74.25,297.00,MULTIMEDIA
72.5,84,82.5,52,72.75,291.00,MULTIMEDIA
92.5,88,80,66,81.63,326.50,MULTIMEDIA
60,82,72.5,72,71.63,286.50,MULTIMEDIA
85,84,82.5,72,80.88,323.50,MULTIMEDIA
75,80,60,70,71.25,285.00,MULTIMEDIA
87.5,80,95,80,85.63,342.50,MULTIMEDIA
97.5,86,80,58,80.38,321.50,MULTIMEDIA
85.5,90,90,90,88.88,355.50,MULTIMEDIA
62.5,82,65,44,63.38,253.50,MULTIMEDIA
47.5,86,55,72,65.13,260.50,MULTIMEDIA
52.5,84,57.5,48,60.50,242.00,MULTIMEDIA
55,86,65,40,61.50,246.00,MULTIMEDIA
62.5,76,52.5,44,58.75,235.00,MULTIMEDIA
65,92,72.5,52,70.38,281.50,MULTIMEDIA
55,80,62.5,46,60.88,243.50,MULTIMEDIA
62.5,74,47.5,50,58.50,234.00,MULTIMEDIA
42.5,84,45,58,57.38,229.50,MULTIMEDIA
40,76,47.5,48,52.88,211.50,MULTIMEDIA
42.5,80,42.5,50,53.75,215.00,MULTIMEDIA
70,68,60,44,60.50,242.00,MULTIMEDIA
50,78,60,30,54.50,218.00,MULTIMEDIA
45,72,57.5,50,56.13,224.50,MULTIMEDIA
60,82,57.5,44,60.88,243.50,MULTIMEDIA
45,84,47.5,42,54.63,218.50,MULTIMEDIA
35,78,62.5,64,59.88,239.50,MULTIMEDIA
47.5,78,60,66,62.88,251.50,MULTIMEDIA
45,84,70,44,60.75,243.00,MULTIMEDIA